MIDAS,feature_set,n_obs,pct_missing_measured_editable,editable_policy,R2,MAE,MAE_Norm,lake_sample
c0157,A_legacy_served,117,0.9487,False,-0.7862,0.2078,0.0122,seeded_10
c0157,B_measured_only,117,0.9487,False,-16.223,0.8243,0.0485,seeded_10
c0157,C_measured_locked_chem,117,0.9487,False,-1.3093,0.2213,0.013,seeded_10
c3420,A_legacy_served,687,0.54,True,0.4181,0.5675,0.0079,seeded_10
c3420,B_measured_only,687,0.54,True,-1.1385,1.1773,0.0164,seeded_10
c3420,C_measured_locked_chem,687,0.54,True,0.4229,0.5615,0.0078,seeded_10
c3814,A_legacy_served,1109,0.402,True,0.0583,1.4906,0.0532,seeded_10
c3814,B_measured_only,1109,0.402,True,-0.115,1.6751,0.0598,seeded_10
c3814,C_measured_locked_chem,1109,0.402,True,0.0745,1.4748,0.0527,seeded_10
c0224,A_legacy_served,409,0.9633,False,-3.6515,4.0612,0.0205,seeded_10
c0224,B_measured_only,409,0.9633,False,-5.1456,4.7384,0.0239,seeded_10
c0224,C_measured_locked_chem,409,0.9633,False,-3.0723,3.7612,0.019,seeded_10
c3448,A_legacy_served,490,0.3857,True,0.4031,0.5925,0.0123,seeded_10
c3448,B_measured_only,490,0.3857,True,0.1992,0.7338,0.0153,seeded_10
c3448,C_measured_locked_chem,490,0.3857,True,0.3881,0.5976,0.0125,seeded_10
c5242,A_legacy_served,479,0.5623,True,-0.1044,0.6645,0.0237,seeded_10
c5242,B_measured_only,479,0.5623,True,0.1352,0.5938,0.0212,seeded_10
c5242,C_measured_locked_chem,479,0.5623,True,-0.0002,0.6305,0.0225,seeded_10
c3712,A_legacy_served,597,0.5466,True,-0.0292,0.6307,0.0166,seeded_10
c3712,B_measured_only,597,0.5466,True,0.048,0.5713,0.015,seeded_10
c3712,C_measured_locked_chem,597,0.5466,True,0.0286,0.6063,0.016,seeded_10
c3132,A_legacy_served,680,0.5699,True,0.0807,0.5259,0.0089,seeded_10
c3132,B_measured_only,680,0.5699,True,-1.1603,0.8841,0.015,seeded_10
c3132,C_measured_locked_chem,680,0.5699,True,0.05,0.5422,0.0092,seeded_10
c0390,A_legacy_served,399,0.8229,True,0.2138,1.3223,0.0054,seeded_100
c0390,C_measured_locked_chem,399,0.8229,True,0.1488,1.3786,0.0056,seeded_100
c0410,A_legacy_served,112,0.9851,False,-1.0465,0.9986,0.0156,seeded_100
c0410,C_measured_locked_chem,112,0.9851,False,-0.9545,0.9643,0.0151,seeded_100
c0956,A_legacy_served,379,0.9683,False,-0.4091,1.2173,0.0065,seeded_100
c0956,C_measured_locked_chem,379,0.9683,False,-0.1328,1.0254,0.0055,seeded_100
c1088,A_legacy_served,107,0.2243,True,0.4798,0.5179,0.0084,seeded_100
c1088,C_measured_locked_chem,107,0.2243,True,0.5322,0.4957,0.008,seeded_100
c1228,A_legacy_served,200,0.9658,False,0.1203,0.6096,0.0142,seeded_100
c1228,C_measured_locked_chem,200,0.9658,False,0.1499,0.6101,0.0142,seeded_100
c1672,A_legacy_served,117,0.6197,True,0.1854,0.6938,0.0057,seeded_100
c1672,C_measured_locked_chem,117,0.6197,True,0.156,0.6881,0.0056,seeded_100
c1680,A_legacy_served,166,0.9327,False,0.0516,0.6289,0.0314,seeded_100
c1680,C_measured_locked_chem,166,0.9327,False,0.1506,0.6371,0.0319,seeded_100
c1802,A_legacy_served,1054,0.5455,True,-0.5982,0.7947,0.0209,seeded_100
c1802,C_measured_locked_chem,1054,0.5455,True,-0.6467,0.8089,0.0213,seeded_100
c2336,A_legacy_served,376,0.7358,True,-1.5274,1.2347,0.0617,seeded_100
c2336,C_measured_locked_chem,376,0.7358,True,-1.2169,1.1262,0.0563,seeded_100
c3140,A_legacy_served,183,0.49,True,0.125,0.4436,0.0164,seeded_100
c3140,C_measured_locked_chem,183,0.49,True,0.045,0.466,0.0173,seeded_100
c3178,A_legacy_served,157,0.9352,False,-5.4777,1.3424,0.0639,seeded_100
c3178,C_measured_locked_chem,157,0.9352,False,-5.7849,1.373,0.0654,seeded_100
c3199,A_legacy_served,439,0.3812,True,0.1328,0.6139,0.0192,seeded_100
c3199,C_measured_locked_chem,439,0.3812,True,0.1372,0.6117,0.0191,seeded_100
c3234,A_legacy_served,899,0.6498,True,0.3115,0.5206,0.0111,seeded_100
c3234,C_measured_locked_chem,899,0.6498,True,0.2339,0.5528,0.0118,seeded_100
c3240,A_legacy_served,104,0.9423,False,-3.5829,1.4076,0.0217,seeded_100
c3240,C_measured_locked_chem,104,0.9423,False,-3.0,1.297,0.02,seeded_100
c3300,A_legacy_served,907,0.962,False,-0.647,1.6293,0.0109,seeded_100
c3300,C_measured_locked_chem,907,0.962,False,-0.5378,1.5619,0.0105,seeded_100
c3396,A_legacy_served,600,0.4767,True,-0.6069,0.9402,0.0184,seeded_100
c3396,C_measured_locked_chem,600,0.4767,True,-0.2961,0.8146,0.016,seeded_100
c3418,A_legacy_served,706,0.5593,True,0.2856,0.7543,0.018,seeded_100
c3418,C_measured_locked_chem,706,0.5593,True,0.2591,0.7636,0.0182,seeded_100
c3434,A_legacy_served,584,0.5731,True,-0.1855,0.7897,0.0165,seeded_100
c3434,C_measured_locked_chem,584,0.5731,True,-0.0721,0.7471,0.0156,seeded_100
c3480,A_legacy_served,753,0.9717,False,-0.3309,1.0315,0.0166,seeded_100
c3480,C_measured_locked_chem,753,0.9717,False,-0.7173,1.1858,0.0191,seeded_100
c3500,A_legacy_served,352,0.4659,True,-3.5625,0.73,0.073,seeded_100
c3500,C_measured_locked_chem,352,0.4659,True,-2.1476,0.5688,0.0569,seeded_100
c3520,A_legacy_served,524,0.9752,False,-0.3027,0.7416,0.0063,seeded_100
c3520,C_measured_locked_chem,524,0.9752,False,-0.8436,0.9147,0.0078,seeded_100
c3528,A_legacy_served,233,0.6981,True,0.1018,0.5476,0.0107,seeded_100
c3528,C_measured_locked_chem,233,0.6981,True,0.1619,0.5491,0.0108,seeded_100
c3534,A_legacy_served,254,0.4613,True,-0.8272,0.8841,0.0384,seeded_100
c3534,C_measured_locked_chem,254,0.4613,True,-0.6629,0.8412,0.0366,seeded_100
c3608,A_legacy_served,504,0.9765,False,0.2453,0.8207,0.0195,seeded_100
c3608,C_measured_locked_chem,504,0.9765,False,0.176,0.8596,0.0205,seeded_100
c3690,A_legacy_served,279,0.8465,True,-0.3231,0.6684,0.0159,seeded_100
c3690,C_measured_locked_chem,279,0.8465,True,-0.2848,0.6576,0.0157,seeded_100
c3712,A_legacy_served,597,0.5466,True,-0.0292,0.6307,0.0166,seeded_100
c3712,C_measured_locked_chem,597,0.5466,True,0.0286,0.6063,0.016,seeded_100
c3758,A_legacy_served,651,0.3989,True,-1.0442,0.7379,0.0211,seeded_100
c3758,C_measured_locked_chem,651,0.3989,True,-0.8423,0.6933,0.0198,seeded_100
c3818,A_legacy_served,418,0.9733,False,-0.4431,0.7803,0.0244,seeded_100
c3818,C_measured_locked_chem,418,0.9733,False,-0.2667,0.7214,0.0225,seeded_100
c3830,A_legacy_served,430,0.4066,True,-0.3971,0.8207,0.0328,seeded_100
c3830,C_measured_locked_chem,430,0.4066,True,-0.2839,0.7841,0.0314,seeded_100
c3898,A_legacy_served,339,0.9676,False,0.2761,0.6122,0.0139,seeded_100
c3898,C_measured_locked_chem,339,0.9676,False,0.2717,0.6169,0.014,seeded_100
c3920,A_legacy_served,486,0.6663,True,0.1826,0.665,0.0151,seeded_100
c3920,C_measured_locked_chem,486,0.6663,True,0.2429,0.6345,0.0144,seeded_100
c3980,A_legacy_served,157,0.6975,True,0.2491,0.5625,0.0131,seeded_100
c3980,C_measured_locked_chem,157,0.6975,True,0.1737,0.597,0.0139,seeded_100
c4284,A_legacy_served,200,0.9367,False,0.2847,0.887,0.0185,seeded_100
c4284,C_measured_locked_chem,200,0.9367,False,0.245,0.9092,0.0189,seeded_100
c4344,A_legacy_served,414,0.9316,False,-1.5315,0.8772,0.0101,seeded_100
c4344,C_measured_locked_chem,414,0.9316,False,-0.8387,0.7348,0.0084,seeded_100
c4378,A_legacy_served,284,0.6303,True,-0.6151,0.5542,0.0231,seeded_100
c4378,C_measured_locked_chem,284,0.6303,True,-1.282,0.6868,0.0286,seeded_100
c4412,A_legacy_served,135,0.9333,False,-0.8626,1.0138,0.0085,seeded_100
c4412,C_measured_locked_chem,135,0.9333,False,-1.635,1.2206,0.0103,seeded_100
c4434,A_legacy_served,165,0.9222,False,-5.961,3.3511,0.0151,seeded_100
c4434,C_measured_locked_chem,165,0.9222,False,-7.0803,3.6574,0.0165,seeded_100
c4452,A_legacy_served,381,0.4641,True,-1.4495,2.1844,0.056,seeded_100
c4452,C_measured_locked_chem,381,0.4641,True,-1.6196,2.2677,0.0581,seeded_100
c4538,A_legacy_served,117,0.9658,False,0.0049,0.684,0.0105,seeded_100
c4538,C_measured_locked_chem,117,0.9658,False,0.2264,0.5796,0.0089,seeded_100
c4608,A_legacy_served,434,0.4681,True,-0.7477,2.611,0.0174,seeded_100
c4608,C_measured_locked_chem,434,0.4681,True,-1.1012,2.9416,0.0196,seeded_100
c4622,A_legacy_served,439,0.5854,True,-2.2236,2.5458,0.0225,seeded_100
c4622,C_measured_locked_chem,439,0.5854,True,-2.4199,2.6428,0.0234,seeded_100
c4628,A_legacy_served,114,0.4971,True,0.0162,0.6942,0.0316,seeded_100
c4628,C_measured_locked_chem,114,0.4971,True,0.0446,0.686,0.0312,seeded_100
c4734,A_legacy_served,104,0.8381,True,0.2781,0.3158,0.0158,seeded_100
c4734,C_measured_locked_chem,104,0.8381,True,0.177,0.3437,0.0172,seeded_100
c4736,A_legacy_served,109,0.8425,True,-0.4202,0.4933,0.0247,seeded_100
c4736,C_measured_locked_chem,109,0.8425,True,-0.4366,0.5013,0.0251,seeded_100
c4806,A_legacy_served,279,0.945,False,-0.1948,0.9256,0.0463,seeded_100
c4806,C_measured_locked_chem,279,0.945,False,-0.1788,0.9158,0.0458,seeded_100
c4808,A_legacy_served,229,0.8668,True,-0.3985,0.7174,0.0448,seeded_100
c4808,C_measured_locked_chem,229,0.8668,True,-0.6948,0.788,0.0492,seeded_100
c4857,A_legacy_served,265,0.9371,False,0.0935,0.4678,0.0151,seeded_100
c4857,C_measured_locked_chem,265,0.9371,False,0.0285,0.4932,0.0159,seeded_100
c5202,A_legacy_served,563,0.9964,False,0.1553,0.4012,0.0223,seeded_100
c5202,C_measured_locked_chem,563,0.9964,False,0.0555,0.3939,0.0219,seeded_100
c5238,A_legacy_served,452,0.5439,True,0.1755,0.8203,0.01,seeded_100
c5238,C_measured_locked_chem,452,0.5439,True,0.2461,0.7775,0.0095,seeded_100
c5254,A_legacy_served,956,0.3199,True,-0.0348,0.7709,0.0296,seeded_100
c5254,C_measured_locked_chem,956,0.3199,True,-0.298,0.886,0.0341,seeded_100
c5268,A_legacy_served,103,0.9579,False,0.1104,0.7153,0.0421,seeded_100
c5268,C_measured_locked_chem,103,0.9579,False,0.082,0.7335,0.0431,seeded_100
c5280,A_legacy_served,282,0.659,True,-0.0032,0.617,0.0055,seeded_100
c5280,C_measured_locked_chem,282,0.659,True,-0.1116,0.6697,0.0059,seeded_100
c5282,A_legacy_served,255,0.9634,False,-0.7738,1.1301,0.0332,seeded_100
c5282,C_measured_locked_chem,255,0.9634,False,-0.9345,1.195,0.0351,seeded_100
c5312,A_legacy_served,1198,0.7728,True,0.0153,0.9257,0.0072,seeded_100
c5312,C_measured_locked_chem,1198,0.7728,True,0.0763,0.9032,0.0071,seeded_100
c5368,A_legacy_served,272,0.5092,True,-0.0329,0.8609,0.0269,seeded_100
c5368,C_measured_locked_chem,272,0.5092,True,-0.1691,0.9293,0.029,seeded_100
c5424,A_legacy_served,188,0.523,True,-0.4363,0.6066,0.0184,seeded_100
c5424,C_measured_locked_chem,188,0.523,True,-0.138,0.5253,0.0159,seeded_100
c5490,A_legacy_served,247,0.9784,False,0.0284,0.5239,0.021,seeded_100
c5490,C_measured_locked_chem,247,0.9784,False,0.1119,0.4997,0.02,seeded_100
c5572,A_legacy_served,214,0.9634,False,-1.634,1.39,0.0309,seeded_100
c5572,C_measured_locked_chem,214,0.9634,False,-1.1647,1.2435,0.0276,seeded_100
c5596,A_legacy_served,229,0.9672,False,-2.2094,0.4422,0.0632,seeded_100
c5596,C_measured_locked_chem,229,0.9672,False,-0.6463,0.298,0.0426,seeded_100
c5666,A_legacy_served,505,0.7172,True,0.0756,0.6481,0.0175,seeded_100
c5666,C_measured_locked_chem,505,0.7172,True,0.0665,0.655,0.0177,seeded_100
c9683,A_legacy_served,489,0.8964,True,-0.0617,1.1802,0.0166,seeded_100
c9683,C_measured_locked_chem,489,0.8964,True,-0.0449,1.1834,0.0167,seeded_100
c9701,A_legacy_served,361,0.8564,True,-0.2619,1.5627,0.0474,seeded_100
c9701,C_measured_locked_chem,361,0.8564,True,-0.1831,1.5232,0.0462,seeded_100
c9757,A_legacy_served,124,0.9866,False,-0.0033,0.4745,0.0316,seeded_100
c9757,C_measured_locked_chem,124,0.9866,False,-0.5209,0.5698,0.038,seeded_100
