split,support_tier,model,horizon,n_cases,n_lakes,MAE,RMSE,mean_bias,MASE,pct_lakes_beat_naive,n_interval_80,coverage_80,width_80,n_interval_95,coverage_95,width_95
development,All,EWMA alpha 0.10,1,3398,495,0.5189800770377113,0.7066327150645506,-0.05536908762797447,0.9667472104892293,57.37373737373738,3398,0.8463802236609771,1.8435214478821045,3398,0.96291936433196,3.2315589686471715
development,All,EWMA alpha 0.10,3,3293,459,0.5629424414329659,0.7631136372088101,-0.13659611428572374,1.049798736242253,61.43790849673203,3293,0.846644397206195,1.9720827803082546,3293,0.9590039477679927,3.385192826095993
development,All,EWMA alpha 0.10,5,3208,447,0.5952685638978903,0.8199533580850298,-0.20721278569602813,1.103640463652904,61.74496644295302,3208,0.8460099750623441,2.06351462287872,3208,0.9641521197007481,3.6005741316515487
development,All,EWMA alpha 0.10,10,3020,421,0.6792980104992732,0.9678287945684025,-0.24534188629570078,1.2407848153669583,62.23277909738717,3020,0.8364238410596027,2.2986365310888828,3020,0.9579470198675497,3.9536671612744203
development,All,EWMA alpha 0.20,1,3398,495,0.4736496422669729,0.6476814822280453,-0.006911099470320494,0.8845244031131066,65.45454545454545,3398,0.8334314302530901,1.6355119221522352,3398,0.9614479105356092,2.9219418132616553
development,All,EWMA alpha 0.20,3,3293,459,0.5217473892870546,0.7091486662703825,-0.08811017993783468,0.9780623684371629,67.10239651416123,3293,0.8442150015183723,1.8230153009546055,3293,0.9614333434558153,3.1801076448011325
development,All,EWMA alpha 0.20,5,3208,447,0.5498251999850128,0.7586221537841141,-0.15704722166913837,1.0263187077908706,69.79865771812081,3208,0.8438279301745636,1.91277665717791,3208,0.9650872817955112,3.410440255771027
development,All,EWMA alpha 0.20,10,3020,421,0.6314000396322368,0.9055814535367733,-0.19635602441654038,1.163991525732272,71.49643705463184,3020,0.8437086092715231,2.1622900369315268,3020,0.9625827814569536,3.7707369770837196
development,All,EWMA alpha 0.30,1,3398,495,0.4620683524770855,0.6345493918242378,-0.004518980868282988,0.8644934026775075,71.51515151515152,3398,0.8284284873454973,1.5794707731420425,3398,0.9605650382577987,2.8005186213591737
development,All,EWMA alpha 0.30,3,3293,459,0.5141034350801094,0.7000068766178718,-0.0859525783652242,0.9660210639224209,73.63834422657952,3293,0.835712116610993,1.7857245327909623,3293,0.9617370179167932,3.1260781990799646
development,All,EWMA alpha 0.30,5,3208,447,0.5408452127305688,0.7470365559952328,-0.15448391220880278,1.0132940247637754,73.37807606263982,3208,0.8453865336658354,1.903740851683372,3208,0.9610349127182045,3.325111026454896
development,All,EWMA alpha 0.30,10,3020,421,0.6244137123973372,0.8930387988613343,-0.19412909090122094,1.1559838428720048,74.58432304038006,3020,0.8403973509933775,2.1423556218932283,3020,0.9612582781456953,3.7479557695547427
development,All,Last 10 observed-year mean,1,3398,495,0.489773809795939,0.6674581612564102,0.03227958444330849,0.9109736368249391,63.43434343434343,3398,0.8281341965862272,1.6685485894977876,3398,0.9623307828134197,2.9849951999479805
development,All,Last 10 observed-year mean,3,3293,459,0.5305796859416761,0.7184140125762449,-0.04753343390308689,0.9951315777892109,64.92374727668845,3293,0.8384451867597935,1.838363006017407,3293,0.962040692377771,3.2219984615268706
development,All,Last 10 observed-year mean,5,3208,447,0.5515291093709216,0.758869764686232,-0.11526465613280228,1.0326136145345193,67.56152125279642,3208,0.8500623441396509,1.9489811479127508,3208,0.9685162094763092,3.4430278860997845
development,All,Last 10 observed-year mean,10,3020,421,0.6304789135335818,0.9033833809734818,-0.15844022449251827,1.169795236205323,66.270783847981,3020,0.8519867549668875,2.193305979010335,3020,0.9649006622516556,3.860697556608125
development,All,Last 5 observed-year mean,1,3398,495,0.4716935837292105,0.6496384585712504,0.012350430941095976,0.8793551342413695,65.45454545454545,3398,0.8363743378457916,1.6466095297524321,3398,0.9652736904061212,2.9300852980214547
development,All,Last 5 observed-year mean,3,3293,459,0.5217872361886583,0.7104081721338993,-0.06818223897714595,0.9833691457239349,67.97385620915033,3293,0.8369268144549044,1.819344048192362,3293,0.9629517157607045,3.188557029137305
development,All,Last 5 observed-year mean,5,3208,447,0.5483860539315839,0.7592234657535731,-0.13578766286890567,1.028785871245977,68.45637583892618,3208,0.8354114713216958,1.8979265617072036,3208,0.9619700748129676,3.4025050362316853
development,All,Last 5 observed-year mean,10,3020,421,0.6232139956059026,0.8873483663521469,-0.17605564652387068,1.1570092406031782,73.39667458432304,3020,0.8543046357615894,2.213146886781127,3020,0.964569536423841,3.85878335166429
development,All,Local-level state-space,1,3398,495,0.47593413016249975,0.6617993899440519,-0.006505724903540465,0.8834129502542841,68.48484848484848,3398,0.8378457916421425,1.646539285647063,3398,0.9579164214243673,2.805759028568811
development,All,Local-level state-space,3,3293,459,0.5283546823455332,0.7278272325157534,-0.08626418648242995,0.9886168901772548,72.76688453159042,3293,0.8442150015183723,1.851307269251808,3293,0.9614333434558153,3.2411233763535963
development,All,Local-level state-space,5,3208,447,0.5594438403174401,0.7720664008450225,-0.15719368541637926,1.048785510903921,75.16778523489933,3208,0.8416458852867831,1.9688315920441553,3208,0.9666458852867831,3.509818464530806
development,All,Local-level state-space,10,3020,421,0.6398953158036103,0.9065670751952427,-0.19387471004466167,1.1931867566420005,71.73396674584322,3020,0.8437086092715231,2.1835823419388096,3020,0.9602649006622517,3.8354113112506085
development,All,Recent 10-calendar-year mean,1,3398,495,0.48221287412439184,0.6644146820394138,0.042971989176255714,0.8942961665905084,64.84848484848484,3398,0.8263684520306063,1.6318700052708277,3398,0.9608593290170688,2.890476820640739
development,All,Recent 10-calendar-year mean,3,3293,459,0.5310975219134634,0.7230506403923604,-0.0365099349348517,0.9907832297106254,65.57734204793029,3293,0.8305496507743699,1.8113768853899004,3293,0.9599149711509262,3.1571837599203336
development,All,Recent 10-calendar-year mean,5,3208,447,0.5510582192401792,0.7571770334908954,-0.1027677872806826,1.0293063331440275,66.66666666666666,3208,0.8460099750623441,1.9306579145293334,3208,0.9641521197007481,3.395572381179974
development,All,Recent 10-calendar-year mean,10,3020,421,0.621830768852605,0.8900750848485206,-0.138657026096629,1.1546465124703138,66.5083135391924,3020,0.8529801324503311,2.1633104969994315,3020,0.9615894039735099,3.755893718916066
development,All,Recent 3-calendar-year mean,1,3398,495,0.4830544369910507,0.6763468876323606,-0.023912680836655233,0.8970913653358159,59.79797979797979,3398,0.8237198351971748,1.6234567750715487,3398,0.9605650382577987,2.891793684536585
development,All,Recent 3-calendar-year mean,3,3293,459,0.5343402105933726,0.7420194172624387,-0.11083923261577858,0.9957875399580361,65.14161220043573,3293,0.8408745824476161,1.8799216773931198,3293,0.9650774369875493,3.3806235021988327
development,All,Recent 3-calendar-year mean,5,3208,447,0.5643846024972408,0.7832638382293421,-0.180548356059357,1.0520468503467386,65.77181208053692,3208,0.8453865336658354,2.013526536067839,3208,0.9638403990024937,3.590814714735338
development,All,Recent 3-calendar-year mean,10,3020,421,0.6609270175058501,0.929994950793253,-0.2145544174936985,1.2130126894604245,65.32066508313538,3020,0.8324503311258278,2.2216712334341873,3020,0.9579470198675497,3.938560321604702
development,All,Recent 5-calendar-year mean,1,3398,495,0.4756966805164373,0.6656490338668226,0.00890250300690127,0.8824853026352757,62.42424242424243,3398,0.8372572101236021,1.6321928559378551,3398,0.9635079458505003,2.9202376680784594
development,All,Recent 5-calendar-year mean,3,3293,459,0.527193109863215,0.7308728120872281,-0.07570052504627807,0.9861229122335787,65.359477124183,3293,0.8366231399939265,1.8187395304799798,3293,0.9593076222289706,3.1938772226733394
development,All,Recent 5-calendar-year mean,5,3208,447,0.5525035560011595,0.7681145676851504,-0.1416200475815019,1.0306907162415355,66.8903803131991,3208,0.837281795511222,1.9106409555804238,3208,0.9607231920199502,3.447304110714273
development,All,Recent 5-calendar-year mean,10,3020,421,0.637983819205904,0.9020977147818408,-0.17734206088069626,1.1751823312148446,68.88361045130641,3020,0.8437086092715231,2.204331266345257,3020,0.9635761589403974,3.9029569737664307
development,All,Shrink recent/long-run 25/75,1,3398,495,0.4897834721257227,0.6635329105847925,-0.028001503283465592,0.9209298329768782,61.01010101010102,3398,0.8349028840494408,1.6908264413433776,3398,0.9623307828134197,2.9709967328450015
development,All,Shrink recent/long-run 25/75,3,3293,459,0.5325752537341581,0.7154410395872256,-0.10776904144887997,1.0081588009197122,66.66666666666666,3293,0.8354084421500152,1.8310290006261767,3293,0.9623443668387489,3.1656773539607417
development,All,Shrink recent/long-run 25/75,5,3208,447,0.562718396046502,0.7679849041461742,-0.1760142549829054,1.06103172671361,67.11409395973155,3208,0.8375935162094763,1.9290687010688863,3208,0.9625935162094763,3.320243528739202
development,All,Shrink recent/long-run 25/75,10,3020,421,0.6538856600302633,0.9196902881516024,-0.21688046188295185,1.2131752135524851,65.08313539192399,3020,0.8231788079470199,2.162128433626627,3020,0.9582781456953643,3.7030533691495577
development,All,Shrink recent/long-run 50/50,1,3398,495,0.47014403803585175,0.6438992624951132,-0.015700167853343293,0.882299001477293,64.44444444444444,3398,0.8428487345497352,1.6218096424207384,3398,0.9623307828134197,2.906542062578781
development,All,Shrink recent/long-run 50/50,3,3293,459,0.5164279705389146,0.7010446034531553,-0.09707953598134599,0.9768802319656402,69.49891067538127,3293,0.8351047676890373,1.7766518274119432,3293,0.9626480412997267,3.0936046772315007
development,All,Shrink recent/long-run 50/50,5,3208,447,0.5458377229432283,0.749084004975453,-0.1645495191824376,1.0283889096200367,71.36465324384787,3208,0.8388403990024937,1.8763405699576168,3208,0.962281795511222,3.256155341492175
development,All,Shrink recent/long-run 50/50,10,3020,421,0.6346565588942384,0.8968804246981539,-0.20370099488219998,1.1764031354190596,71.49643705463184,3020,0.8357615894039735,2.1455871515543894,3020,0.9579470198675497,3.711959548230883
development,All,Shrink recent/long-run 75/25,1,3398,495,0.46578046300308085,0.6446268930122705,-0.0033988324232210013,0.8694435883351668,68.88888888888889,3398,0.839022954679223,1.6120925656192104,3398,0.96291936433196,2.8548431818703315
development,All,Shrink recent/long-run 75/25,3,3293,459,0.5144299223241557,0.7063308465620101,-0.086390030513812,0.9692204603527076,70.37037037037037,3293,0.8384451867597935,1.7894997435378093,3293,0.9605223200728819,3.0848302581773868
development,All,Shrink recent/long-run 75/25,5,3208,447,0.5422008244756682,0.7491283191425286,-0.1530847833819697,1.0177203631798277,72.7069351230425,3208,0.8428927680798005,1.8885976515181881,3208,0.9604114713216958,3.3162482977742247
development,All,Shrink recent/long-run 75/25,10,3020,421,0.6291246980789905,0.8909046992644546,-0.19052152788144813,1.1624576962484863,74.10926365795724,3020,0.8433774834437087,2.1651103203611903,3020,0.9609271523178808,3.7762111970545726
development,Full,EWMA alpha 0.10,1,2780,359,0.4875868222588317,0.655356525898056,-0.016765981492668388,0.8723468053394775,63.231197771587745,2780,0.8618705035971223,1.8423699830933302,2780,0.9705035971223022,3.2334002316360713
development,Full,EWMA alpha 0.10,3,2699,355,0.5344501041975377,0.7201068351270716,-0.09328457719147101,0.9457588924909591,67.6056338028169,2699,0.8577250833642089,1.9708962758069977,2699,0.965913301222675,3.3872396482910396
development,Full,EWMA alpha 0.10,5,2663,346,0.5654429368568913,0.7788294842199894,-0.16726472604276632,0.9939479047161348,66.1849710982659,2663,0.8610589560645888,2.0624756882898696,2663,0.9707097258730755,3.6042108543223255
development,Full,EWMA alpha 0.10,10,2536,334,0.6428275243395168,0.9147035701706417,-0.2125831256271192,1.1175093917494934,66.76646706586826,2536,0.8525236593059937,2.2954760232245723,2536,0.9676656151419558,3.9521198906282096
development,Full,EWMA alpha 0.20,1,2780,359,0.45596597031903374,0.6178671908872067,0.023793800332602248,0.8099718517593489,71.86629526462396,2780,0.8449640287769784,1.6347407785728627,2780,0.9679856115107913,2.922358470449425
development,Full,EWMA alpha 0.20,3,2699,355,0.5079523650716506,0.6888618202310663,-0.05432588884170905,0.8936037672633433,75.49295774647888,2699,0.8506854390515005,1.8219567209358805,2699,0.965913301222675,3.181154151068472
development,Full,EWMA alpha 0.20,5,2663,346,0.5362837295208069,0.7431116016362146,-0.12705046514625257,0.9353505020645483,74.27745664739885,2663,0.851295531355614,1.9120237652823384,2663,0.9688321441982726,3.4128513135549037
development,Full,EWMA alpha 0.20,10,2536,334,0.6062819199894418,0.872652060314355,-0.17314524124810862,1.0504198951111143,76.34730538922156,2536,0.8572555205047319,2.159695558540171,2536,0.9688485804416404,3.7692554163119874
development,Full,EWMA alpha 0.30,1,2780,359,0.45227422692454994,0.6143098920022034,0.016212165389949476,0.8033580742982751,77.71587743732591,2780,0.8352517985611511,1.5787287665667162,2780,0.9654676258992806,2.8008970736552046
development,Full,EWMA alpha 0.30,3,2699,355,0.507783424668964,0.6907243544787818,-0.06258727856904944,0.8932823395738848,78.30985915492957,2699,0.8377176732123008,1.784683673867926,2699,0.9644312708410523,3.1265977618643443
development,Full,EWMA alpha 0.30,5,2663,346,0.5371286153510424,0.7450950962499546,-0.13520745936851913,0.9353510670061345,78.03468208092485,2663,0.8501689823507322,1.903060327975631,2663,0.9616973338340218,3.32728898226159
development,Full,EWMA alpha 0.30,10,2536,334,0.6061546593607227,0.8712878581177324,-0.18086049651085126,1.0497208588322047,80.23952095808383,2536,0.8501577287066246,2.139798735339605,2536,0.9668769716088328,3.7466997005884326
development,Full,Last 10 observed-year mean,1,2780,359,0.48213748075079743,0.6536354427204383,0.0629762208109145,0.8505182871194844,67.96657381615599,2780,0.8341726618705037,1.6678813114234485,2780,0.9651079136690648,2.9853691059882936
development,Full,Last 10 observed-year mean,3,2699,355,0.5260758675416177,0.7142103233092911,-0.014601366280269222,0.9214181160414234,70.70422535211267,2699,0.8395702111893294,1.8374482818990323,2699,0.9629492404594294,3.22263312383631
development,Full,Last 10 observed-year mean,5,2663,346,0.5466025564146856,0.7575990316616502,-0.08642708499383621,0.9491138605067052,69.65317919075144,2663,0.8554262110401802,1.9482309715412585,2663,0.9684566278633121,3.4450967794867497
development,Full,Last 10 observed-year mean,10,2536,334,0.6112497931330217,0.8836650946770982,-0.13505608316411144,1.0613048148488777,71.25748502994011,2536,0.86198738170347,2.190976421812745,2536,0.9704258675078864,3.8595460196556943
development,Full,Last 5 observed-year mean,1,2780,359,0.4627748506038114,0.6323324399514949,0.029132736024658094,0.8192451034690087,68.24512534818942,2780,0.8420863309352518,1.6458288618311696,2780,0.9683453237410072,2.9300208530648004
development,Full,Last 5 observed-year mean,3,2699,355,0.5179450990509814,0.7058754070603965,-0.048673364918505685,0.9126619694545722,72.95774647887325,2699,0.8351241200444609,1.8183631577512265,2699,0.9651722860318637,3.189390919286322
development,Full,Last 5 observed-year mean,5,2663,346,0.5472872508651325,0.7625765515693251,-0.1214644530412183,0.9516064588980977,73.41040462427746,2663,0.8392790086368757,1.8975961913540207,2663,0.9601952684941795,3.404774410552126
development,Full,Last 5 observed-year mean,10,2536,334,0.6072849621293818,0.8700112334954875,-0.16764607154395633,1.0516322461706136,77.54491017964071,2536,0.8608044164037855,2.211043571938781,2536,0.9700315457413249,3.8564104160799664
development,Full,Local-level state-space,1,2780,359,0.46539937561639305,0.6366998154101784,0.004311316187326421,0.8273385963346402,73.81615598885793,2780,0.8420863309352518,1.6457501142626063,2780,0.9636690647482015,2.8064435881045227
development,Full,Local-level state-space,3,2699,355,0.5235424380375934,0.7166284210944653,-0.07475173502506777,0.9245244311908901,78.0281690140845,2699,0.8440163023341979,1.850189142533532,2699,0.9655427936272694,3.2424650371694077
development,Full,Local-level state-space,5,2663,346,0.5570012731337529,0.7690508665109127,-0.14986547360647517,0.9760991491516116,77.16763005780348,2663,0.8422831393165603,1.968300895301551,2663,0.9673300788584304,3.512843281765304
development,Full,Local-level state-space,10,2536,334,0.6218375046425505,0.8839164898986717,-0.19363635189850567,1.0891870976899902,77.54491017964071,2536,0.8541009463722398,2.181692409643931,2536,0.9676656151419558,3.833067389755417
development,Full,Recent 10-calendar-year mean,1,2780,359,0.4795004352791852,0.6503767836134366,0.06622649208818657,0.8418268713926681,69.91643454038997,2780,0.8262589928057554,1.6313280119135745,2780,0.9636690647482015,2.890817704235412
development,Full,Recent 10-calendar-year mean,3,2699,355,0.5285304760444182,0.7151923416600168,-0.012224930234048866,0.9231599560513016,70.14084507042253,2699,0.828825490922564,1.8106671253310085,2699,0.9610967024824009,3.158064763792554
development,Full,Recent 10-calendar-year mean,5,2663,346,0.5491514592958633,0.7572330422999841,-0.08420849772849905,0.9512042612107842,69.36416184971098,2663,0.8471648516710477,1.9301426029248976,2663,0.9628238828389035,3.397886888873779
development,Full,Recent 10-calendar-year mean,10,2536,334,0.6061290801473179,0.8756875737772591,-0.1292676969230722,1.0514518371777584,71.25748502994011,2536,0.863564668769716,2.160797141562875,2536,0.9660883280757098,3.7543245750653216
development,Full,Recent 3-calendar-year mean,1,2780,359,0.47582752781866566,0.6500704256196523,-0.018910944570761118,0.8429766692103005,66.29526462395543,2780,0.8258992805755395,1.6228128218060474,2780,0.9672661870503597,2.8920793029212994
development,Full,Recent 3-calendar-year mean,3,2699,355,0.5269908213908675,0.7254182976398122,-0.10067573241669325,0.9250345478449182,73.52112676056338,2699,0.8458688403112263,1.8790574284762263,2699,0.968506854390515,3.382284534895201
development,Full,Recent 3-calendar-year mean,5,2663,346,0.5607778971743602,0.7774853701662331,-0.174732469169656,0.9773993458403532,71.38728323699422,2663,0.8464138190011266,2.0130895039752534,2663,0.9628238828389035,3.5943012346389587
development,Full,Recent 3-calendar-year mean,10,2536,334,0.6376456238968116,0.9046262171895403,-0.2164867942943421,1.1001373129838066,73.35329341317365,2536,0.8450315457413249,2.2203404322904228,2536,0.9633280757097792,3.9375727029690237
development,Full,Recent 5-calendar-year mean,1,2780,359,0.4679933087216508,0.6413340500403666,0.022125163971055312,0.8250574509997705,69.08077994428969,2780,0.8413669064748202,1.631442457273648,2780,0.968705035971223,2.9205069298975155
development,Full,Recent 5-calendar-year mean,3,2699,355,0.5222491385594131,0.7187189423846362,-0.05899538410517093,0.9165757301287444,71.26760563380282,2699,0.8373471656168952,1.8180120555661867,2699,0.9625787328640237,3.1955112693192866
development,Full,Recent 5-calendar-year mean,5,2663,346,0.5493831829276347,0.7640221213780436,-0.13026718404348728,0.952826181318381,72.54335260115607,2663,0.8400300413067968,1.9104082560521638,2663,0.9598197521592189,3.450121898992925
development,Full,Recent 5-calendar-year mean,10,2536,334,0.6137290550503943,0.8760829238517491,-0.1727688371281663,1.0601189142144225,76.04790419161677,2536,0.8556782334384858,2.2026097367698316,2536,0.9692429022082019,3.9020826779927833
development,Full,Shrink recent/long-run 25/75,1,2780,359,0.486563677478598,0.6544668116208208,-0.012829582105282315,0.8690870987313495,64.62395543175488,2780,0.8377697841726619,1.689898135391193,2780,0.9643884892086331,2.971505490363159
development,Full,Shrink recent/long-run 25/75,3,2699,355,0.5331923411763277,0.716455590412037,-0.08887797686031532,0.9442871625040004,69.85915492957746,2699,0.8332715820674323,1.8300782807267069,2699,0.9644312708410523,3.1670018325382454
development,Full,Shrink recent/long-run 25/75,5,2663,346,0.5641772946254022,0.7725004430458159,-0.16206842451661904,0.9906707931108518,68.20809248554913,2663,0.8396545249718362,1.9283094174441187,2663,0.9616973338340218,3.322011777147574
development,Full,Shrink recent/long-run 25/75,10,2536,334,0.6419101357535276,0.9087183902913419,-0.20647216906228594,1.1160614457423261,67.66467065868264,2536,0.8288643533123028,2.1594822485568432,2536,0.9625394321766562,3.7003709909264306
development,Full,Shrink recent/long-run 50/50,1,2780,359,0.4644138082600703,0.6292791800920635,-0.0011780000798364326,0.8262014872501389,67.68802228412257,2780,0.8460431654676259,1.620785590708673,2780,0.9636690647482015,2.90638059535975
development,Full,Shrink recent/long-run 50/50,3,2699,355,0.5151303702923932,0.698089953793653,-0.07891711260860051,0.9099981499158613,72.95774647887325,2699,0.833642089662838,1.7756699505236095,2699,0.964801778436458,3.094623454850135
development,Full,Shrink recent/long-run 50/50,5,2663,346,0.5463686282669327,0.7515113668025546,-0.15146801102557508,0.9553060901137602,72.83236994219652,2663,0.8404055576417574,1.8757049425512258,2663,0.9616973338340218,3.2579988363438694
development,Full,Shrink recent/long-run 50/50,10,2536,334,0.6190124795606584,0.8820758226579852,-0.19523772508424608,1.072935874498337,73.35329341317365,2536,0.8426656151419558,2.1423839698116285,2536,0.9637223974763407,3.709963317390083
development,Full,Shrink recent/long-run 75/25,1,2780,359,0.4587024220811256,0.6247557964837341,0.01047358194560946,0.8116217199869317,71.86629526462396,2780,0.8431654676258993,1.6113331283454644,2780,0.9661870503597122,2.855049811917004
development,Full,Shrink recent/long-run 75/25,3,2699,355,0.5114113186846596,0.6988650455971939,-0.0689562483568857,0.9005148666801158,74.36619718309859,2699,0.8395702111893294,1.7885982478889666,2699,0.9644312708410523,3.0858974706491153
development,Full,Shrink recent/long-run 75/25,5,2663,346,0.5413239462965386,0.7486166955902411,-0.14086759753453115,0.9424625690805339,73.98843930635837,2663,0.8437852046564025,1.8880614656072128,2663,0.9601952684941795,3.3181782587849376
development,Full,Shrink recent/long-run 75/25,10,2536,334,0.6088895319792326,0.8710004683053134,-0.1840032811062062,1.0523814675273337,76.64670658682635,2536,0.8529179810725552,2.162433991978643,2536,0.9676656151419558,3.7744008260828488
later,All,EWMA alpha 0.10,1,1709,446,0.5595092359176197,0.8029200577913775,-0.2463629103857084,1.0066106694894175,54.035874439461885,1709,0.8115857226448215,1.7776202853925362,1709,0.949093036863663,3.162827472637969
later,All,EWMA alpha 0.10,2,1638,406,0.5527341483127542,0.8215888956897381,-0.18255703578582202,0.9845201398312093,60.3448275862069,1638,0.8333333333333334,1.8417292828644019,1638,0.9529914529914529,3.2422919672819175
later,All,EWMA alpha 0.10,3,1614,398,0.5745318074031212,0.8610056344253252,-0.186118540326366,1.0312052061122965,61.55778894472361,1614,0.8308550185873605,1.8916805162973525,1614,0.9510532837670385,3.3161978520289956
later,All,EWMA alpha 0.10,4,1552,387,0.6144566227559543,0.9007929956682464,-0.03329491752229744,1.0981959878391194,58.656330749354005,1552,0.803479381443299,1.9223997213937467,1552,0.9516752577319587,3.4146264040304426
later,All,EWMA alpha 0.10,5,1525,381,0.6357312814867834,0.9203310438230864,-0.04219468184356737,1.1434665795874055,66.92913385826772,1525,0.8085245901639344,1.9723271733924173,1525,0.9481967213114754,3.489407861935631
later,All,EWMA alpha 0.20,1,1709,446,0.5000509293786859,0.7174841553336736,-0.1569821195391433,0.9012394855197616,61.88340807174888,1709,0.820947922761849,1.5952731336437604,1709,0.9485078993563487,2.852401979286313
later,All,EWMA alpha 0.20,2,1638,406,0.5009511065833863,0.7433134305597909,-0.09150884129199827,0.8966051434822341,65.27093596059113,1638,0.8296703296703297,1.6794307273863003,1638,0.9529914529914529,2.99320278460348
later,All,EWMA alpha 0.20,3,1614,398,0.5304933528614727,0.7921577410193114,-0.09429796190196221,0.9600446247094485,70.35175879396985,1614,0.8314745972738538,1.7558046332828825,1614,0.9504337050805453,3.1128868504157072
later,All,EWMA alpha 0.20,4,1552,387,0.588861745277079,0.8567283648313779,0.05464493187805659,1.058326825731472,62.532299741602074,1552,0.7931701030927835,1.7879231941504399,1552,0.9400773195876289,3.170340145100392
later,All,EWMA alpha 0.20,5,1525,381,0.6179664813058786,0.8889672639620952,0.04204305812348238,1.1130548920364238,69.5538057742782,1525,0.7822950819672131,1.8289082941583379,1525,0.9416393442622951,3.29795093540015
later,All,EWMA alpha 0.30,1,1709,446,0.48350362127081054,0.6872904610300741,-0.10532680162062703,0.8732278688271045,64.12556053811659,1709,0.8133411351667642,1.53913414472401,1709,0.949093036863663,2.7561539653342213
later,All,EWMA alpha 0.30,2,1638,406,0.489914540887434,0.7166386857562351,-0.03910418769497719,0.8781672758389691,67.24137931034483,1638,0.8235653235653235,1.641005884084238,1638,0.9536019536019537,2.923688080489559
later,All,EWMA alpha 0.30,3,1614,398,0.5219006539013729,0.771570045042166,-0.04133161561632364,0.9481154693245717,69.34673366834171,1614,0.8209417596034696,1.7242820524794542,1614,0.9473358116480793,3.0456456082262844
later,All,EWMA alpha 0.30,4,1552,387,0.5890929536936154,0.8480171566201965,0.1060853198882084,1.0596492557187325,65.11627906976744,1552,0.7880154639175257,1.7618219983804464,1552,0.9355670103092784,3.112525231832959
later,All,EWMA alpha 0.30,5,1525,381,0.6241833639895706,0.890543195138592,0.09167911243671631,1.1250317415084903,69.29133858267717,1525,0.7718032786885246,1.8139441537860261,1525,0.9370491803278689,3.2439069098908475
later,All,Last 10 observed-year mean,1,1709,446,0.5241630717514402,0.7536387095552123,-0.2048281845255627,0.9451349533852821,58.07174887892377,1709,0.8004681100058514,1.637488478363846,1709,0.9444119368051492,2.902428125338158
later,All,Last 10 observed-year mean,2,1638,406,0.5230587932953358,0.7781787373234089,-0.14136681472463064,0.9368727877684129,61.083743842364534,1638,0.818070818070818,1.7125636584755637,1638,0.9542124542124543,3.03739225000407
later,All,Last 10 observed-year mean,3,1614,398,0.5514502818969996,0.8244464831196189,-0.14424994948670353,0.9946068690721648,63.31658291457286,1614,0.8135068153655515,1.77310714457447,1614,0.9516728624535316,3.1183362311804927
later,All,Last 10 observed-year mean,4,1552,387,0.6038512103410617,0.8810616270919351,0.002525717190551028,1.0832123376453215,58.656330749354005,1552,0.7847938144329897,1.8042575227160431,1552,0.9432989690721649,3.2121007675548348
later,All,Last 10 observed-year mean,5,1525,381,0.6225858704271227,0.9019662846435464,-0.009559006128915434,1.11911569298616,67.45406824146981,1525,0.7901639344262295,1.861665392702067,1525,0.9468852459016394,3.2874350326550186
later,All,Last 5 observed-year mean,1,1709,446,0.5073545842589987,0.7185217610179853,-0.11134373637590074,0.9129365773774794,57.847533632286996,1709,0.8098303101228789,1.5970796692579903,1709,0.9473376243417203,2.8301004157811422
later,All,Last 5 observed-year mean,2,1638,406,0.5110703629191397,0.7461918972488641,-0.04595706752790204,0.9156291366291825,61.822660098522164,1638,0.8199023199023199,1.6738721204721192,1638,0.9517704517704517,2.9948692132602845
later,All,Last 5 observed-year mean,3,1614,398,0.5388023864686045,0.791175381334267,-0.047210256426574136,0.9761671148114416,62.311557788944725,1614,0.8197026022304833,1.755222050977557,1614,0.9454770755885997,3.0966744241405015
later,All,Last 5 observed-year mean,4,1552,387,0.6169508563640118,0.8825601315529084,0.09994404803338512,1.105792846277632,58.139534883720934,1552,0.7712628865979382,1.7790401361274755,1552,0.9317010309278351,3.143929716369325
later,All,Last 5 observed-year mean,5,1525,381,0.6433465995886557,0.9123349186577252,0.08686901097243423,1.1561635889125348,63.51706036745407,1525,0.7691803278688525,1.8363618686032708,1525,0.9324590163934426,3.2831600270621903
later,All,Local-level state-space,1,1709,446,0.49431528594048846,0.7070787550830893,-0.07873515492872239,0.8866966289468784,62.5560538116592,1709,0.807489760093622,1.5979487168372444,1709,0.9432416617905208,2.762377244257658
later,All,Local-level state-space,2,1638,406,0.5048501178676678,0.7305458210813911,-0.014784929401367379,0.8995654421751003,66.25615763546799,1638,0.8229548229548229,1.6841938314457756,1638,0.9542124542124543,2.9943335032387632
later,All,Local-level state-space,3,1614,398,0.5372188742190936,0.7823735602141411,-0.01913340740127724,0.977938311824718,68.84422110552764,1614,0.8252788104089219,1.7849574565403203,1614,0.9522924411400248,3.1643366998826523
later,All,Local-level state-space,4,1552,387,0.5981323928496827,0.8515161415706677,0.1285424400047172,1.0767508753183286,65.37467700258398,1552,0.7860824742268041,1.8055354945059736,1552,0.9426546391752577,3.2067370459658724
later,All,Local-level state-space,5,1525,381,0.6388114683665054,0.8951917557286851,0.11269404094129294,1.156708339258565,67.97900262467192,1525,0.7777049180327869,1.8899916600321747,1525,0.9429508196721311,3.3777256169464978
later,All,Recent 10-calendar-year mean,1,1709,446,0.5222348834804804,0.7401271737317274,-0.1898457250377941,0.9381892132404623,53.58744394618834,1709,0.7998829724985371,1.6035830529549462,1709,0.9432416617905208,2.8357113509840777
later,All,Recent 10-calendar-year mean,2,1638,406,0.514761333297588,0.7499946094167842,-0.12564251060663842,0.9251551444659943,58.620689655172406,1638,0.8174603174603174,1.6814784883326537,1638,0.9548229548229549,3.002290171382001
later,All,Recent 10-calendar-year mean,3,1614,398,0.5450109637004424,0.7994022599513974,-0.12972233884240256,0.9897137575352292,61.05527638190955,1614,0.8128872366790583,1.7580546222946687,1614,0.9510532837670385,3.088819539294138
later,All,Recent 10-calendar-year mean,4,1552,387,0.6012185100485161,0.8589074869164683,0.016580793014031838,1.082186516147791,57.36434108527132,1552,0.7847938144329897,1.8011859667662657,1552,0.9381443298969072,3.1597644165157184
later,All,Recent 10-calendar-year mean,5,1525,381,0.6189958441154633,0.8781694497551277,0.007080750957958568,1.1182896261086577,67.19160104986877,1525,0.7855737704918033,1.8446536265215254,1525,0.9455737704918032,3.2671544269433332
later,All,Recent 3-calendar-year mean,1,1709,446,0.5096849160728618,0.722189429274941,-0.014462122553482787,0.9110580407067442,47.98206278026906,1709,0.8010532475131656,1.5987560081083316,1709,0.9403159742539496,2.8415448321508134
later,All,Recent 3-calendar-year mean,2,1638,406,0.5223989951035454,0.750563514505212,0.0542899965427198,0.9346403851639866,50.98522167487685,1638,0.8205128205128205,1.6871085940074029,1638,0.9529914529914529,3.135218085024758
later,All,Recent 3-calendar-year mean,3,1614,398,0.5618708004373784,0.8113057991095999,0.05052235238179934,1.0155855022706741,52.76381909547738,1614,0.8166047087980174,1.811568930041153,1614,0.9491945477075588,3.2704872477317877
later,All,Recent 3-calendar-year mean,4,1552,387,0.6243714224515238,0.8821664424863643,0.19854403417293856,1.1167071610910313,51.42118863049095,1552,0.7777061855670103,1.8580573616317833,1552,0.9420103092783505,3.33855547389085
later,All,Recent 3-calendar-year mean,5,1525,381,0.6684195251579277,0.932735442450429,0.18049854406759255,1.1990686738898289,55.38057742782152,1525,0.7691803278688525,1.9219258652094706,1525,0.9377049180327869,3.4929007877959926
later,All,Recent 5-calendar-year mean,1,1709,446,0.5201236965152818,0.730384737300536,-0.08432238187584579,0.9317874320807203,48.654708520179376,1709,0.7928613224107666,1.5820347111928394,1709,0.9426565242832066,2.8458725902656945
later,All,Recent 5-calendar-year mean,2,1638,406,0.517647457988067,0.7401015367803953,-0.02022311508150277,0.9295382990108183,55.66502463054187,1638,0.8156288156288156,1.6759627085877098,1638,0.9511599511599511,3.0353566997376524
later,All,Recent 5-calendar-year mean,3,1614,398,0.5393405158086457,0.7747694864230978,-0.022524639951219172,0.9821979178580017,60.30150753768844,1614,0.8209417596034696,1.7592656056381653,1614,0.949814126394052,3.1314735533789335
later,All,Recent 5-calendar-year mean,4,1552,387,0.616719800353268,0.8683430764221801,0.1245777771987855,1.1085831141359632,53.48837209302325,1552,0.7744845360824743,1.7911454767292998,1552,0.9323453608247423,3.161489444274761
later,All,Recent 5-calendar-year mean,5,1525,381,0.645802597993788,0.8929636369188078,0.11298430181665817,1.1681740000986582,58.79265091863517,1525,0.7652459016393443,1.846461797640732,1525,0.9370491803278689,3.3581659308049256
later,All,Shrink recent/long-run 25/75,1,1709,446,0.5496206038516976,0.7796035127736316,-0.22105894359391434,0.991824371867538,55.82959641255605,1709,0.7834991222937391,1.6435537281618322,1709,0.946752486834406,2.9125379037483974
later,All,Shrink recent/long-run 25/75,2,1638,406,0.5448879510102468,0.7975213302471327,-0.15896805208347878,0.9781526170312378,59.35960591133005,1638,0.7991452991452992,1.7046621918984555,1638,0.9517704517704517,2.99336349715469
later,All,Shrink recent/long-run 25/75,3,1614,398,0.570205760302172,0.8399581703909982,-0.16327486787661274,1.0311168367478567,61.55778894472361,1614,0.8048327137546468,1.7697895282113383,1614,0.9479553903345725,3.0864251403807192
later,All,Shrink recent/long-run 25/75,4,1552,387,0.6138660337433174,0.8865623336007995,-0.015247387179598802,1.101704563465021,58.39793281653747,1552,0.7809278350515464,1.8144970791968085,1552,0.9420103092783505,3.1373275618307925
later,All,Shrink recent/long-run 25/75,5,1525,381,0.6372651309336592,0.9082075372145083,-0.02543088377996424,1.150139250551173,65.61679790026247,1525,0.7757377049180327,1.8554517695957875,1525,0.940327868852459,3.2121133509259248
later,All,Shrink recent/long-run 50/50,1,1709,446,0.5238541053957931,0.7401840033065569,-0.1754800896878915,0.9416501731785604,58.29596412556054,1709,0.7834991222937391,1.559762461769081,1709,0.9449970743124634,2.822540497070292
later,All,Shrink recent/long-run 50/50,2,1638,406,0.5181631322133405,0.7550121501338805,-0.1127197397494868,0.9302452709238721,60.09852216748769,1638,0.8101343101343101,1.6535476117797547,1638,0.9529914529914529,2.9591588284539396
later,All,Shrink recent/long-run 50/50,3,1614,398,0.5432834479122118,0.7967594481031854,-0.1163581252348149,0.9850903552724387,65.57788944723619,1614,0.8122676579925651,1.711658430501519,1614,0.9467162329615861,3.036182160611398
later,All,Shrink recent/long-run 50/50,4,1552,387,0.6004633889055933,0.8598151271925719,0.0313610009465293,1.0784468080959857,60.46511627906976,1552,0.773840206185567,1.7448075183227278,1552,0.9355670103092784,3.092246120621654
later,All,Shrink recent/long-run 50/50,5,1525,381,0.6264915308968626,0.8834553704924697,0.020707511418909887,1.1310286363937168,67.19160104986877,1525,0.780327868852459,1.81005548409826,1525,0.9377049180327869,3.1765056181467535
later,All,Shrink recent/long-run 75/25,1,1709,446,0.5132559758674601,0.7232559029844023,-0.12990123578186866,0.9207734810755386,59.865470852017935,1709,0.7899356348741955,1.5547522084151837,1709,0.9444119368051492,2.7916329535143167
later,All,Shrink recent/long-run 75/25,2,1638,406,0.5083203614255408,0.7352641369138265,-0.06647142741549478,0.9125512949778708,62.80788177339901,1638,0.811965811965812,1.6460090944382413,1638,0.9517704517704517,2.949538620214921
later,All,Shrink recent/long-run 75/25,3,1614,398,0.5328881704501175,0.7744277206451216,-0.06944138259301703,0.968759975033365,67.08542713567839,1614,0.8190830235439901,1.7258935151135824,1614,0.9479553903345725,3.031028563669876
later,All,Shrink recent/long-run 75/25,4,1552,387,0.6003399723142522,0.8535949636406752,0.07796938907265741,1.0792594925054833,61.240310077519375,1552,0.7789948453608248,1.7590149214768576,1552,0.9355670103092784,3.0995465406316938
later,All,Shrink recent/long-run 75/25,5,1525,381,0.6287148629952548,0.8782602691613276,0.06684590661778403,1.135559139493888,67.71653543307087,1525,0.7711475409836066,1.816399296241013,1525,0.940327868852459,3.233875049210015
later,Full,EWMA alpha 0.10,1,1510,349,0.5423917170033198,0.7744661175627091,-0.22580789575511304,0.9534912173024208,56.446991404011456,1510,0.8178807947019867,1.7776901303692387,1510,0.9596026490066225,3.1655926246751607
later,Full,EWMA alpha 0.10,2,1485,347,0.5326934125489017,0.7812527482229342,-0.16892832400276195,0.933237244323809,61.09510086455331,1485,0.8437710437710437,1.8419791039089077,1485,0.960942760942761,3.245048200672787
later,Full,EWMA alpha 0.10,3,1469,346,0.5591114901575152,0.8294043537557096,-0.17829758822103706,0.9862365697228047,63.005780346820806,1469,0.8407079646017699,1.8920815816573733,1469,0.9571136827773996,3.319564928794475
later,Full,EWMA alpha 0.10,4,1430,342,0.6015626428188279,0.871614712466752,-0.023868056351920446,1.0501587102824121,59.356725146198826,1430,0.8111888111888111,1.9227485633943717,1430,0.955944055944056,3.417278096759908
later,Full,EWMA alpha 0.10,5,1402,339,0.6262022890605645,0.893246184613889,-0.033911614875520114,1.1005712266350955,67.2566371681416,1402,0.8131241084165478,1.97263420272541,1402,0.9529243937232525,3.4917661899089816
later,Full,EWMA alpha 0.20,1,1510,349,0.48917924902139,0.6955022446426015,-0.13741409895844847,0.8590339683503259,64.75644699140402,1510,0.8271523178807947,1.5953066522664245,1510,0.956953642384106,2.8540885639341376
later,Full,EWMA alpha 0.20,2,1485,347,0.4860771794209436,0.7088987560593669,-0.07953668865911159,0.8531065095487309,67.14697406340058,1485,0.8404040404040404,1.6795981036751437,1485,0.9595959595959596,2.9952437111612547
later,Full,EWMA alpha 0.20,3,1469,346,0.5182923689768671,0.7658845552128759,-0.08853554079015247,0.9190139690954041,72.25433526011561,1469,0.8400272294077604,1.7561157105790672,1469,0.955071477195371,3.115736343831233
later,Full,EWMA alpha 0.20,4,1430,342,0.5787267233850677,0.8339485800902935,0.06308662349943499,1.0159366391668059,64.61988304093568,1430,0.8,1.788180106989806,1430,0.9447552447552447,3.1723988871406554
later,Full,EWMA alpha 0.20,5,1402,339,0.6121916537561696,0.8695535546441504,0.04719124079157186,1.078867758043163,70.50147492625368,1402,0.7881597717546363,1.8290728776766183,1402,0.9450784593437945,3.299843037933014
later,Full,EWMA alpha 0.30,1,1510,349,0.47791921648881847,0.6699719980922207,-0.08706701558228298,0.8404862808330918,66.7621776504298,1510,0.8158940397350993,1.5391666666666666,1510,0.9536423841059603,2.757638798536722
later,Full,EWMA alpha 0.30,2,1485,347,0.47941215495557976,0.6874474169386152,-0.028723461913885813,0.8415634576192752,70.02881844380403,1485,0.8303030303030303,1.6411394880771355,1485,0.9582491582491582,2.9255563821583865
later,Full,EWMA alpha 0.30,3,1469,346,0.5132064863387453,0.7499961714718003,-0.0377136293964861,0.9119945343436036,72.25433526011561,1469,0.8298162014976175,1.7246087632605893,1469,0.9509870660313138,3.0481577866787113
later,Full,EWMA alpha 0.30,4,1430,342,0.5816808953357859,0.829504736094248,0.11325958814180132,1.022014994303993,66.95906432748538,1430,0.7923076923076923,1.762108419632911,1430,0.9384615384615385,3.114499012925398
later,Full,EWMA alpha 0.30,5,1402,339,0.619822794946988,0.8753175289893639,0.09437241850965976,1.0935700210269819,70.79646017699115,1402,0.776034236804565,1.8141463952813317,1402,0.9386590584878745,3.2457087233836646
later,Full,Last 10 observed-year mean,1,1510,349,0.5179068645743254,0.7396040875100836,-0.19459084401523932,0.9095870036203303,58.16618911174785,1510,0.8039735099337748,1.637563492063494,1510,0.9490066225165563,2.9042160859720645
later,Full,Last 10 observed-year mean,2,1485,347,0.5117375768275538,0.7469960884985639,-0.1373426226008306,0.8958483065862314,61.67146974063401,1485,0.8282828282828283,1.712758622638118,1485,0.9582491582491582,3.0396346201128646
later,Full,Last 10 observed-year mean,3,1469,346,0.5415517046139884,0.800063997211509,-0.1459484298319214,0.9534475182627171,65.02890173410405,1469,0.8209666439754936,1.7734770661983053,1469,0.9543907420013614,3.121082433860945
later,Full,Last 10 observed-year mean,4,1430,342,0.5942956429211687,0.8568297386645617,0.004340684353919325,1.04038339431306,59.94152046783626,1430,0.7902097902097902,1.8045074825291247,1430,0.9461538461538461,3.2143097596994084
later,Full,Last 10 observed-year mean,5,1402,339,0.6152367209049201,0.8788575080712495,-0.011117280642534982,1.081284695269921,68.14159292035397,1402,0.7952924393723253,1.8618753528451883,1402,0.9514978601997147,3.2893522199937077
later,Full,Last 5 observed-year mean,1,1510,349,0.5048462584524426,0.7055703541344875,-0.09562048555508829,0.8854803231069681,58.73925501432665,1510,0.8099337748344371,1.5971428571428579,1510,0.9516556291390729,2.8317287028038107
later,Full,Last 5 observed-year mean,2,1485,347,0.5018841664996018,0.719005428966703,-0.03808297399277326,0.8797729205887947,64.55331412103746,1485,0.8262626262626263,1.674017542087541,1485,0.9555555555555556,2.9968870720431826
later,Full,Last 5 observed-year mean,3,1469,346,0.5303569290235992,0.7713155042560891,-0.046378987201672224,0.9382832134850162,64.16184971098265,1469,0.8250510551395507,1.7555458210422807,1469,0.9475833900612661,3.099250179638454
later,Full,Last 5 observed-year mean,4,1430,342,0.6107074872207598,0.8654492304781833,0.10495094670331644,1.0697932766580935,58.77192982456141,1430,0.7748251748251749,1.7792990553890562,1430,0.9328671328671329,3.1460226165501153
later,Full,Last 5 observed-year mean,5,1402,339,0.6387809951550132,0.8969066069536682,0.08744024166260826,1.1244691293634486,64.89675516224189,1402,0.7746077032810271,1.836574992837899,1402,0.9336661911554922,3.285000548819147
later,Full,Local-level state-space,1,1510,349,0.484729136871931,0.6789900872033361,-0.06508159715280269,0.8551812069968007,65.90257879656161,1510,0.8105960264900662,1.5980615200699944,1510,0.9490066225165563,2.7640495611365172
later,Full,Local-level state-space,2,1485,347,0.49620189699194245,0.700905413036201,-0.007512443992573595,0.8703978686364657,69.164265129683,1485,0.826936026936027,1.6844792290700743,1485,0.958922558922559,2.9968073410378344
later,Full,Local-level state-space,3,1469,346,0.5310514751853687,0.761469766473771,-0.017299278967715912,0.9445729205376374,71.09826589595376,1469,0.8270932607215793,1.7854420226118135,1469,0.9530292716133424,3.167890740261812
later,Full,Local-level state-space,4,1430,342,0.5955745263275329,0.8360128437938291,0.1340138917805658,1.0489254358032354,66.66666666666666,1430,0.786013986013986,1.8059307139758518,1430,0.9447552447552447,3.2093006783963447
later,Full,Local-level state-space,5,1402,339,0.6353452362475593,0.8823364547903219,0.11188136599848765,1.126995946309484,69.32153392330383,1402,0.7781740370898717,1.890389666910972,1402,0.9450784593437945,3.379743796684
later,Full,Recent 10-calendar-year mean,1,1510,349,0.5123538533419895,0.7163218139387025,-0.18726059212672896,0.902969680193036,58.16618911174785,1510,0.8019867549668874,1.6036805555555578,1510,0.9496688741721855,2.8374776215853497
later,Full,Recent 10-calendar-year mean,2,1485,347,0.5045998819860257,0.7200662992138827,-0.12893592278979624,0.8877817426962034,61.09510086455331,1485,0.8222222222222222,1.6816353161242041,1485,0.9582491582491582,3.0047228154561476
later,Full,Recent 10-calendar-year mean,3,1469,346,0.5352423629257318,0.7728432641746102,-0.13729987205704944,0.9470903724763352,63.005780346820806,1469,0.8168822328114363,1.7583578328969167,1469,0.953710006807352,3.0919238544847945
later,Full,Recent 10-calendar-year mean,4,1430,342,0.5924230313151045,0.8352740642554434,0.013759228007554792,1.0395575976392393,60.526315789473685,1430,0.7888111888111888,1.8013913394298007,1430,0.9405594405594405,3.1620979244453364
later,Full,Recent 10-calendar-year mean,5,1402,339,0.6111074022027086,0.8586405951225174,-0.002146048622847608,1.0761163305439125,70.20648967551622,1402,0.7902995720399429,1.8447947319054157,1402,0.9479315263908702,3.268922129689039
later,Full,Recent 3-calendar-year mean,1,1510,349,0.5023041165786607,0.698920797628874,0.0005093675849820822,0.8802721161649805,58.45272206303726,1510,0.8039735099337748,1.5988690476190455,1510,0.9443708609271523,2.8432748344370844
later,Full,Recent 3-calendar-year mean,2,1485,347,0.5163566141898009,0.7305418269902197,0.06166811620867617,0.9031345329394382,57.636887608069166,1485,0.8228956228956229,1.6875936810788654,1485,0.9569023569023569,3.138299657190088
later,Full,Recent 3-calendar-year mean,3,1469,346,0.5588047214572618,0.797499211063303,0.051217006212937045,0.9846633972915477,56.936416184971094,1469,0.8175629680054459,1.8122541369370284,1469,0.9496255956432947,3.274487221194079
later,Full,Recent 3-calendar-year mean,4,1430,342,0.6219983436369397,0.8702048445687222,0.20503382669689288,1.0853421362170375,55.84795321637427,1430,0.7769230769230769,1.8586882460973384,1430,0.9440559440559441,3.341514924427427
later,Full,Recent 3-calendar-year mean,5,1402,339,0.6649276612019578,0.923289627731447,0.1776363274025891,1.1661846251646693,60.47197640117994,1402,0.7710413694721826,1.922155872202769,1402,0.9393723252496433,3.494806759429084
later,Full,Recent 5-calendar-year mean,1,1510,349,0.5111735947750852,0.7049267147289495,-0.07442584841165208,0.8995019559934755,57.02005730659025,1510,0.7933774834437086,1.582142857142852,1510,0.9483443708609272,2.8476588881363316
later,Full,Recent 5-calendar-year mean,2,1485,347,0.5077822435349012,0.7143655289461168,-0.016076012591319445,0.8931480173062711,61.95965417867435,1485,0.8202020202020202,1.6764001496445953,1485,0.9548821548821549,3.0381486932820265
later,Full,Recent 5-calendar-year mean,3,1469,346,0.5325561206723712,0.7567035067138357,-0.02651008854436137,0.9451404424158749,64.45086705202311,1469,0.8223281143635126,1.75959609711822,1469,0.9509870660313138,3.1347031310909816
later,Full,Recent 5-calendar-year mean,4,1430,342,0.6123106051410132,0.8545715778583896,0.12565058161980416,1.0734319743333962,57.01754385964912,1430,0.7755244755244756,1.7913280772594415,1430,0.9349650349650349,3.16378508019758
later,Full,Recent 5-calendar-year mean,5,1402,339,0.6410955575009042,0.8819987798042581,0.10697827461766454,1.1321710649209047,61.94690265486725,1402,0.7674750356633381,1.8466285201035557,1402,0.9386590584878745,3.360188777307298
later,Full,Shrink recent/long-run 25/75,1,1510,349,0.5476257655655663,0.7720666005579594,-0.21583946771941184,0.9654554219399084,55.873925501432666,1510,0.7841059602649006,1.6436428571428572,1510,0.9503311258278145,2.914371027815814
later,Full,Shrink recent/long-run 25/75,2,1485,347,0.5381691233349918,0.7743511303091302,-0.1591756734046959,0.9456947853627983,59.654178674351584,1485,0.8053872053872054,1.7049071915738583,1485,0.9555555555555556,2.995521221856739
later,Full,Shrink recent/long-run 25/75,3,1469,346,0.5657314910242249,0.8233102395298821,-0.17041147719152397,0.9992083145108062,61.849710982658955,1469,0.8093941456773315,1.7702082203266727,1469,0.9496255956432947,3.0890506554099644
later,Full,Shrink recent/long-run 25/75,4,1430,342,0.6065896543424857,0.8660354760739813,-0.017815972982234387,1.0618499471492422,59.06432748538012,1430,0.7846153846153846,1.8148647053942986,1430,0.9440559440559441,3.1392686546075086
later,Full,Shrink recent/long-run 25/75,5,1402,339,0.6323545022270722,0.8893278924209912,-0.031499635392838066,1.1158769754420101,65.48672566371681,1402,0.7774607703281027,1.8557560868580176,1402,0.9443651925820257,3.2138918520251494
later,Full,Shrink recent/long-run 50/50,1,1510,349,0.5190574984308665,0.7272119794058494,-0.16870159461682527,0.9125898250553741,59.885386819484246,1510,0.785430463576159,1.559839409128881,1510,0.9470198675496688,2.8241951922266932
later,Full,Shrink recent/long-run 50/50,2,1485,347,0.5097008057223148,0.7307133016366121,-0.11147578646690376,0.895561072314142,60.51873198847262,1485,0.8168350168350168,1.6538462818662818,1485,0.9569023569023569,2.9612678664469017
later,Full,Shrink recent/long-run 50/50,3,1469,346,0.537050091714711,0.7792555889305797,-0.1224443476424698,0.9496050560590205,66.76300578034682,1469,0.8148400272294077,1.7119743456368117,1469,0.9489448604492853,3.0387212459336506
later,Full,Shrink recent/long-run 50/50,4,1430,342,0.5939144959495902,0.8409843069889179,0.03000621188511179,1.0396597475528098,61.111111111111114,1430,0.7769230769230769,1.7450502492713726,1430,0.9377622377622378,3.0941272382822427
later,Full,Shrink recent/long-run 50/50,5,1402,339,0.6221390931182535,0.8667962214217346,0.014659667943996165,1.0975953715962645,67.55162241887905,1402,0.7817403708987162,1.8102897690575248,1402,0.9400855920114123,3.178213668819093
later,Full,Shrink recent/long-run 75/25,1,1510,349,0.5058584955476559,0.7041180361311462,-0.12156372151423869,0.8889208188470864,61.03151862464183,1510,0.7947019867549668,1.5548400297619052,1510,0.9496688741721855,2.793217518519054
later,Full,Shrink recent/long-run 75/25,2,1485,347,0.49852742839794084,0.710052632673915,-0.0637758995291116,0.8758248753931775,64.55331412103746,1485,0.8181818181818182,1.6463641455965763,1485,0.9562289562289562,2.9516817027221047
later,Full,Shrink recent/long-run 75/25,3,1469,346,0.5259943849884375,0.7564122035849893,-0.07447721809341556,0.9317855622689359,68.78612716763006,1469,0.8223281143635126,1.7262386136416736,1469,0.9496255956432947,3.0335338609315845
later,Full,Shrink recent/long-run 75/25,4,1430,342,0.5948172348799355,0.837066096488121,0.07782839675245799,1.0422749842376757,61.98830409356725,1430,0.7811188811188812,1.759227991573429,1430,0.9377622377622378,3.101504904892766
later,Full,Shrink recent/long-run 75/25,5,1402,339,0.6242672718826215,0.8642964028139168,0.060818971280830324,1.101308576589476,68.43657817109144,1402,0.7724679029957204,1.8166080593329412,1402,0.9415121255349501,3.235725017610606
